country,month,Gwh
Belgium,2017/1/1,2536.002
Belgium,2017/2/1,1927.55
Belgium,2017/3/1,1758.292
Belgium,2017/4/1,1863.786
Belgium,2017/5/1,1479.054
Belgium,2017/6/1,1297.543
Belgium,2017/7/1,1364.438
Belgium,2017/8/1,1293.869
Belgium,2017/9/1,1397.741
Belgium,2017/10/1,1985.391
Belgium,2017/11/1,2266.588
Belgium,2017/12/1,2122.514
Belgium,2018/1/1,1518.67
Belgium,2018/2/1,1944
Belgium,2018/3/1,1745.299
Belgium,2018/4/1,1150.059
Belgium,2018/5/1,1238.629
Belgium,2018/6/1,1470.799
Belgium,2018/7/1,1692.081
Belgium,2018/8/1,1796.478
Belgium,2018/9/1,1646.09
Belgium,2018/10/1,2722.025
Belgium,2018/11/1,3002.075
Belgium,2018/12/1,2185.253
Belgium,2019/1/1,2685.105
Belgium,2019/2/1,1973.288
Belgium,2019/3/1,1500.092
Belgium,2019/4/1,1571.133
Belgium,2019/5/1,1426.136
Belgium,2019/6/1,1672.932
Belgium,2019/7/1,1831.404
Belgium,2019/8/1,1793.443
Belgium,2019/9/1,2016.997
Belgium,2019/10/1,2604.123
Belgium,2019/11/1,2688.987
Belgium,2019/12/1,1949.45
Belgium,2020/1/1,2485.125
Belgium,2020/2/1,1961.377
Belgium,2020/3/1,1924.828
Belgium,2020/4/1,1303.899
Belgium,2020/5/1,1645.897
Belgium,2020/6/1,2235.904
Belgium,2020/7/1,2792.652
Belgium,2020/8/1,2421.201
Belgium,2020/9/1,2175.313
Belgium,2020/10/1,2052.602
Belgium,2020/11/1,2261.232
Belgium,2020/12/1,2517.459
Belgium,2021/1/1,2548.445
Belgium,2021/2/1,1977.257
Belgium,2021/3/1,2209.959
Belgium,2021/4/1,2241.111
Belgium,2021/5/1,1500.619
Belgium,2021/6/1,1584.369
Belgium,2021/7/1,1245.38
Belgium,2021/8/1,1107.835
Belgium,2021/9/1,1258.282
Belgium,2021/10/1,1293.38
Belgium,2021/11/1,2450.852
Belgium,2021/12/1,2110.903
Belgium,2022/1/1,2358.366
Belgium,2022/2/1,1329.369
Belgium,2022/3/1,1690.756
Belgium,2022/4/1,1247.845
Belgium,2022/5/1,1355.318
Belgium,2022/6/1,1519.199
Belgium,2022/7/1,1886.395
Belgium,2022/8/1,2258.469
Belgium,2022/9/1,1916.708
Belgium,2022/10/1,1998.028
Belgium,2022/11/1,1463.193
Belgium,2022/12/1,2201.592
Belgium,2023/1/1,1872.021
Belgium,2023/2/1,2175.099
Belgium,2023/3/1,1787.06
Belgium,2023/4/1,1332.355
Belgium,2023/5/1,1117.788
Belgium,2023/6/1,1436.144
Belgium,2023/7/1,1151.794
Belgium,2023/8/1,1320.004
Belgium,2023/9/1,1252.392
Belgium,2023/10/1,1058.069
Belgium,2023/11/1,1088.804
Belgium,2023/12/1,1139.311
Belgium,2024/1/1,1644.888
Belgium,2024/2/1,1075.547
Belgium,2024/3/1,1073.478
Belgium,2024/4/1,794.691
Belgium,2024/5/1,795.381
Belgium,2024/6/1,848.779
Belgium,2024/7/1,713.813
Belgium,2024/8/1,681.049
Belgium,2024/9/1,743.402
Belgium,2024/10/1,925.903
Belgium,2024/11/1,1735.615
Belgium,2024/12/1,1373.343
Belgium,2025/1/1,1608.307
Belgium,2025/2/1,1724.374
Belgium,2025/3/1,1340.678
Belgium,2025/4/1,1134.422
Belgium,2025/5/1,692.583
Belgium,2025/6/1,756.658
Belgium,2025/7/1,890.682
Belgium,2025/8/1,854.467
Belgium,2025/9/1,770.266
Belgium,2025/10/1,1295.344
Belgium,2025/11/1,1321.794
Bulgaria,2017/1/1,254.582
Bulgaria,2017/2/1,207.623
Bulgaria,2017/3/1,191.394
Bulgaria,2017/4/1,130.338
Bulgaria,2017/5/1,102.901
Bulgaria,2017/6/1,84.553
Bulgaria,2017/7/1,81.946
Bulgaria,2017/8/1,8.648
Bulgaria,2017/9/1,70.767
Bulgaria,2017/10/1,112.396
Bulgaria,2017/11/1,170.084
Bulgaria,2017/12/1,196.553
Bulgaria,2018/1/1,192.901
Bulgaria,2018/2/1,196.724
Bulgaria,2018/3/1,195.421
Bulgaria,2018/4/1,132.179
Bulgaria,2018/5/1,116.49
Bulgaria,2018/6/1,92.119
Bulgaria,2018/7/1,102.325
Bulgaria,2018/8/1,90.153
Bulgaria,2018/9/1,91.474
Bulgaria,2018/10/1,130.823
Bulgaria,2018/11/1,192.401
Bulgaria,2018/12/1,231.124
Bulgaria,2019/1/1,246.353
Bulgaria,2019/2/1,234.159
Bulgaria,2019/3/1,213.455
Bulgaria,2019/4/1,187.027
Bulgaria,2019/5/1,125.296
Bulgaria,2019/6/1,92.043
Bulgaria,2019/7/1,98.476
Bulgaria,2019/8/1,94.607
Bulgaria,2019/9/1,94.176
Bulgaria,2019/10/1,116.781
Bulgaria,2019/11/1,163.914
Bulgaria,2019/12/1,233.763
Bulgaria,2020/1/1,257.504
Bulgaria,2020/2/1,220.636
Bulgaria,2020/3/1,211.943
Bulgaria,2020/4/1,131.477
Bulgaria,2020/5/1,88.762
Bulgaria,2020/6/1,86.541
Bulgaria,2020/7/1,83.561
Bulgaria,2020/8/1,107.958
Bulgaria,2020/9/1,103.464
Bulgaria,2020/10/1,187.247
Bulgaria,2020/11/1,264.202
Bulgaria,2020/12/1,293.081
Bulgaria,2021/1/1,331.268
Bulgaria,2021/2/1,294.147
Bulgaria,2021/3/1,319.957
Bulgaria,2021/4/1,192.105
Bulgaria,2021/5/1,191.451
Bulgaria,2021/6/1,155.889
Bulgaria,2021/7/1,257.78
Bulgaria,2021/8/1,175.795
Bulgaria,2021/9/1,191.244
Bulgaria,2021/10/1,155.015
Bulgaria,2021/11/1,186.109
Bulgaria,2021/12/1,254.157
Bulgaria,2022/1/1,316.188
Bulgaria,2022/2/1,205.162
Bulgaria,2022/3/1,199.943
Bulgaria,2022/4/1,158.205
Bulgaria,2022/5/1,102.54
Bulgaria,2022/6/1,102.575
Bulgaria,2022/7/1,91.443
Bulgaria,2022/8/1,79.787
Bulgaria,2022/9/1,85.003
Bulgaria,2022/10/1,94.755
Bulgaria,2022/11/1,152.526
Bulgaria,2022/12/1,206.007
Bulgaria,2023/1/1,212.515
Bulgaria,2023/2/1,193.054
Bulgaria,2023/3/1,195.967
Bulgaria,2023/4/1,172.115
Bulgaria,2023/5/1,93.409
Bulgaria,2023/6/1,81.42
Bulgaria,2023/7/1,80.615
Bulgaria,2023/8/1,109.367
Bulgaria,2023/9/1,93.936
Bulgaria,2023/10/1,100.636
Bulgaria,2023/11/1,165.52
Bulgaria,2023/12/1,221.225
Bulgaria,2024/1/1,240.209
Bulgaria,2024/2/1,203.398
Bulgaria,2024/3/1,209.594
Bulgaria,2024/4/1,124.922
Bulgaria,2024/5/1,116.91
Bulgaria,2024/6/1,108.251
Bulgaria,2024/7/1,102.405
Bulgaria,2024/8/1,111.908
Bulgaria,2024/9/1,112.478
Bulgaria,2024/10/1,128.986
Bulgaria,2024/11/1,176.219
Bulgaria,2024/12/1,219.688
Bulgaria,2025/1/1,208.546
Bulgaria,2025/2/1,201.843
Bulgaria,2025/3/1,192.007
Bulgaria,2025/4/1,172.115
Bulgaria,2025/5/1,119.609
Bulgaria,2025/6/1,98.22
Bulgaria,2025/7/1,102.209
Bulgaria,2025/8/1,98.44
Bulgaria,2025/9/1,104.051
Bulgaria,2025/10/1,146.896
Bulgaria,2025/11/1,197.335
Czechia,2017/1/1,492.171
Czechia,2017/2/1,358.701
Czechia,2017/3/1,263.928
Czechia,2017/4/1,177.127
Czechia,2017/5/1,127.604
Czechia,2017/6/1,275.082
Czechia,2017/7/1,379.635
Czechia,2017/8/1,264.795
Czechia,2017/9/1,248.53
Czechia,2017/10/1,259.14
Czechia,2017/11/1,424.452
Czechia,2017/12/1,313.084
Czechia,2018/1/1,305.565
Czechia,2018/2/1,374.041
Czechia,2018/3/1,292.743
Czechia,2018/4/1,128.043
Czechia,2018/5/1,112.499
Czechia,2018/6/1,154.276
Czechia,2018/7/1,314.85
Czechia,2018/8/1,374.632
Czechia,2018/9/1,274.588
Czechia,2018/10/1,386.009
Czechia,2018/11/1,486.115
Czechia,2018/12/1,462.558
Czechia,2019/1/1,585.122
Czechia,2019/2/1,447.151
Czechia,2019/3/1,300.09
Czechia,2019/4/1,310.314
Czechia,2019/5/1,231.997
Czechia,2019/6/1,443.222
Czechia,2019/7/1,563.886
Czechia,2019/8/1,537.969
Czechia,2019/9/1,595.109
Czechia,2019/10/1,642.297
Czechia,2019/11/1,574.61
Czechia,2019/12/1,427.466
Czechia,2020/1/1,656.51
Czechia,2020/2/1,559.41
Czechia,2020/3/1,481.515
Czechia,2020/4/1,377.426
Czechia,2020/5/1,422.1
Czechia,2020/6/1,527.119
Czechia,2020/7/1,683.331
Czechia,2020/8/1,601.274
Czechia,2020/9/1,282.097
Czechia,2020/10/1,460.111
Czechia,2020/11/1,801.858
Czechia,2020/12/1,834.654
Czechia,2021/1/1,800.31
Czechia,2021/2/1,704.625
Czechia,2021/3/1,839.285
Czechia,2021/4/1,779.348
Czechia,2021/5/1,367.415
Czechia,2021/6/1,589.01
Czechia,2021/7/1,521.25
Czechia,2021/8/1,303.039
Czechia,2021/9/1,382.795
Czechia,2021/10/1,423.444
Czechia,2021/11/1,700.499
Czechia,2021/12/1,697.98
Czechia,2022/1/1,509.084
Czechia,2022/2/1,319.662
Czechia,2022/3/1,487.055
Czechia,2022/4/1,185.525
Czechia,2022/5/1,270.338
Czechia,2022/6/1,336.724
Czechia,2022/7/1,208.321
Czechia,2022/8/1,337.279
Czechia,2022/9/1,299.825
Czechia,2022/10/1,368.367
Czechia,2022/11/1,383.098
Czechia,2022/12/1,487.887
Czechia,2023/1/1,333.612
Czechia,2023/2/1,397.296
Czechia,2023/3/1,363.156
Czechia,2023/4/1,227.984
Czechia,2023/5/1,122.796
Czechia,2023/6/1,330.798
Czechia,2023/7/1,314.789
Czechia,2023/8/1,267.203
Czechia,2023/9/1,284.876
Czechia,2023/10/1,280.116
Czechia,2023/11/1,281.579
Czechia,2023/12/1,343.187
Czechia,2024/1/1,462.678
Czechia,2024/2/1,277.64
Czechia,2024/3/1,308.559
Czechia,2024/4/1,223.483
Czechia,2024/5/1,201.148
Czechia,2024/6/1,226.107
Czechia,2024/7/1,158.74
Czechia,2024/8/1,231.422
Czechia,2024/9/1,215.604
Czechia,2024/10/1,319.432
Czechia,2024/11/1,583.196
Czechia,2024/12/1,443.739
Czechia,2025/1/1,505.11
Czechia,2025/2/1,467.8
Czechia,2025/3/1,407.243
Czechia,2025/4/1,335.674
Czechia,2025/5/1,277.571
Czechia,2025/6/1,210.814
Czechia,2025/7/1,278.459
Czechia,2025/8/1,146.637
Czechia,2025/9/1,119.968
Czechia,2025/10/1,222.422
Czechia,2025/11/1,268.261
Estonia,2017/1/1,141.484
Estonia,2017/2/1,112.856
Estonia,2017/3/1,61.111
Estonia,2017/4/1,55.714
Estonia,2017/5/1,52.048
Estonia,2017/6/1,53.874
Estonia,2017/7/1,42.514
Estonia,2017/8/1,29.128
Estonia,2017/9/1,37.938
Estonia,2017/10/1,63.41
Estonia,2017/11/1,59.132
Estonia,2017/12/1,54.551
Estonia,2018/1/1,92.087
Estonia,2018/2/1,140.018
Estonia,2018/3/1,139.055
Estonia,2018/4/1,46.673
Estonia,2018/5/1,37.002
Estonia,2018/6/1,45.848
Estonia,2018/7/1,74.991
Estonia,2018/8/1,105.772
Estonia,2018/9/1,80.929
Estonia,2018/10/1,76.162
Estonia,2018/11/1,108.263
Estonia,2018/12/1,103.421
Estonia,2019/1/1,135.702
Estonia,2019/2/1,91.078
Estonia,2019/3/1,74.686
Estonia,2019/4/1,47.761
Estonia,2019/5/1,69.922
Estonia,2019/6/1,88.058
Estonia,2019/7/1,76.226
Estonia,2019/8/1,125.081
Estonia,2019/9/1,129.441
Estonia,2019/10/1,96.119
Estonia,2019/11/1,74.047
Estonia,2019/12/1,72.284
Estonia,2020/1/1,53.826
Estonia,2020/2/1,56.418
Estonia,2020/3/1,40.506
Estonia,2020/4/1,34.941
Estonia,2020/5/1,75.731
Estonia,2020/6/1,137.853
Estonia,2020/7/1,80.387
Estonia,2020/8/1,148.243
Estonia,2020/9/1,110.921
Estonia,2020/10/1,87.312
Estonia,2020/11/1,100.177
Estonia,2020/12/1,128.944
Estonia,2021/1/1,129.343
Estonia,2021/2/1,117.85
Estonia,2021/3/1,90.113
Estonia,2021/4/1,44.799
Estonia,2021/5/1,25.478
Estonia,2021/6/1,85.967
Estonia,2021/7/1,83.191
Estonia,2021/8/1,27.122
Estonia,2021/9/1,106.598
Estonia,2021/10/1,46.172
Estonia,2021/11/1,49.007
Estonia,2021/12/1,123.718
Estonia,2022/1/1,56.583
Estonia,2022/2/1,25.368
Estonia,2022/3/1,29.032
Estonia,2022/4/1,10.463
Estonia,2022/5/1,9.247
Estonia,2022/6/1,17.375
Estonia,2022/7/1,16.507
Estonia,2022/8/1,55.441
Estonia,2022/9/1,28.225
Estonia,2022/10/1,12.43
Estonia,2022/11/1,112.852
Estonia,2022/12/1,173.787
Estonia,2023/1/1,59.198
Estonia,2023/2/1,86.402
Estonia,2023/3/1,65.49
Estonia,2023/4/1,15.712
Estonia,2023/5/1,30.543
Estonia,2023/6/1,41.681
Estonia,2023/7/1,12.956
Estonia,2023/8/1,42.574
Estonia,2023/9/1,64.48
Estonia,2023/10/1,55.494
Estonia,2023/11/1,79.768
Estonia,2023/12/1,78.768
Estonia,2024/1/1,180.003
Estonia,2024/2/1,119.74
Estonia,2024/3/1,60.356
Estonia,2024/4/1,21.047
Estonia,2024/5/1,6.607
Estonia,2024/6/1,15.843
Estonia,2024/7/1,44.109
Estonia,2024/8/1,46.938
Estonia,2024/9/1,54.573
Estonia,2024/10/1,34.948
Estonia,2024/11/1,72.074
Estonia,2024/12/1,91.305
Estonia,2025/1/1,144.015
Estonia,2025/2/1,212.97
Estonia,2025/3/1,107.453
Estonia,2025/4/1,78.346
Estonia,2025/5/1,67.915
Estonia,2025/6/1,2.602
Estonia,2025/7/1,47.307
Estonia,2025/8/1,38.935
Estonia,2025/9/1,58.287
Estonia,2025/10/1,89.055
Estonia,2025/11/1,65.865
Finland,2017/1/1,663
Finland,2017/2/1,578
Finland,2017/3/1,456
Finland,2017/4/1,283
Finland,2017/5/1,110
Finland,2017/6/1,37
Finland,2017/7/1,44
Finland,2017/8/1,66
Finland,2017/9/1,93
Finland,2017/10/1,178
Finland,2017/11/1,213
Finland,2017/12/1,444
Finland,2018/1/1,548
Finland,2018/2/1,666
Finland,2018/3/1,691
Finland,2018/4/1,213
Finland,2018/5/1,25
Finland,2018/6/1,26
Finland,2018/7/1,53
Finland,2018/8/1,233
Finland,2018/9/1,309
Finland,2018/10/1,292
Finland,2018/11/1,361
Finland,2018/12/1,563
Finland,2019/1/1,761
Finland,2019/2/1,602
Finland,2019/3/1,475
Finland,2019/4/1,246
Finland,2019/5/1,140
Finland,2019/6/1,72
Finland,2019/7/1,118
Finland,2019/8/1,110
Finland,2019/9/1,234
Finland,2019/10/1,342
Finland,2019/11/1,375
Finland,2019/12/1,415
Finland,2020/1/1,443
Finland,2020/2/1,355
Finland,2020/3/1,346
Finland,2020/4/1,222
Finland,2020/5/1,297
Finland,2020/6/1,257
Finland,2020/7/1,161
Finland,2020/8/1,242
Finland,2020/9/1,409
Finland,2020/10/1,442
Finland,2020/11/1,316
Finland,2020/12/1,506
Finland,2021/1/1,796
Finland,2021/2/1,711
Finland,2021/3/1,559
Finland,2021/4/1,368
Finland,2021/5/1,138
Finland,2021/6/1,80
Finland,2021/7/1,82.349
Finland,2021/8/1,82
Finland,2021/9/1,116
Finland,2021/10/1,91
Finland,2021/11/1,119
Finland,2021/12/1,429
Finland,2022/1/1,198
Finland,2022/2/1,165
Finland,2022/3/1,133
Finland,2022/4/1,34
Finland,2022/5/1,59
Finland,2022/6/1,30
Finland,2022/7/1,36
Finland,2022/8/1,29
Finland,2022/9/1,38
Finland,2022/10/1,36
Finland,2022/11/1,102
Finland,2022/12/1,196
Finland,2023/1/1,74
Finland,2023/2/1,134
Finland,2023/3/1,100
Finland,2023/4/1,61
Finland,2023/5/1,19
Finland,2023/6/1,10
Finland,2023/7/1,14
Finland,2023/8/1,21
Finland,2023/9/1,13
Finland,2023/10/1,10
Finland,2023/11/1,72
Finland,2023/12/1,130
Finland,2024/1/1,180
Finland,2024/2/1,94
Finland,2024/3/1,117
Finland,2024/4/1,48
Finland,2024/5/1,11
Finland,2024/6/1,13
Finland,2024/7/1,2
Finland,2024/8/1,6
Finland,2024/9/1,18
Finland,2024/10/1,38
Finland,2024/11/1,64
Finland,2024/12/1,62
Finland,2025/1/1,124
Finland,2025/2/1,108
Finland,2025/3/1,126
Finland,2025/4/1,71
Finland,2025/5/1,13
Finland,2025/6/1,10
Finland,2025/7/1,5
Finland,2025/8/1,27
Finland,2025/9/1,19
Finland,2025/10/1,64
Finland,2025/11/1,127
France,2017/1/1,6043.548
France,2017/2/1,5264.052
France,2017/3/1,5161.469
France,2017/4/1,2991.645
France,2017/5/1,2014.606
France,2017/6/1,1868.64
France,2017/7/1,2532.288
France,2017/8/1,2109.438
France,2017/9/1,2636.968
France,2017/10/1,4318.127
France,2017/11/1,5669.996
France,2017/12/1,5428.988
France,2018/1/1,3514.422
France,2018/2/1,5058.935
France,2018/3/1,4104.843
France,2018/4/1,992.505
France,2018/5/1,777.444
France,2018/6/1,973.076
France,2018/7/1,2256.019
France,2018/8/1,2216.707
France,2018/9/1,2014.609
France,2018/10/1,3132.161
France,2018/11/1,5501.412
France,2018/12/1,4767.359
France,2019/1/1,6495.193
France,2019/2/1,5137.21
France,2019/3/1,3976.286
France,2019/4/1,2594.617
France,2019/5/1,2460.027
France,2019/6/1,2206.699
France,2019/7/1,3275.066
France,2019/8/1,2568.223
France,2019/9/1,3296.669
France,2019/10/1,3663.611
France,2019/11/1,5672.192
France,2019/12/1,4572.344
France,2020/1/1,6023.823
France,2020/2/1,4377.216
France,2020/3/1,4319.434
France,2020/4/1,908.555
France,2020/5/1,1638.266
France,2020/6/1,2962.126
France,2020/7/1,3023.424
France,2020/8/1,3029.803
France,2020/9/1,3029.9
France,2020/10/1,2822.749
France,2020/11/1,5010.543
France,2020/12/1,5054.501
France,2021/1/1,5103.153
France,2021/2/1,4188.099
France,2021/3/1,4438.706
France,2021/4/1,3239.791
France,2021/5/1,1622.819
France,2021/6/1,1928.94
France,2021/7/1,1945.194
France,2021/8/1,1144.138
France,2021/9/1,1878.358
France,2021/10/1,2131.77
France,2021/11/1,5493.048
France,2021/12/1,5443.883
France,2022/1/1,5707.725
France,2022/2/1,4184.642
France,2022/3/1,5342.341
France,2022/4/1,3808.872
France,2022/5/1,3374.069
France,2022/6/1,2864.92
France,2022/7/1,3508.439
France,2022/8/1,3341.014
France,2022/9/1,3616.043
France,2022/10/1,4202.738
France,2022/11/1,4933.381
France,2022/12/1,5115.843
France,2023/1/1,4699.586
France,2023/2/1,5391.986
France,2023/3/1,4091.543
France,2023/4/1,2379.323
France,2023/5/1,1682.988
France,2023/6/1,2211.573
France,2023/7/1,2313.606
France,2023/8/1,2068.835
France,2023/9/1,1755.494
France,2023/10/1,1723.884
France,2023/11/1,3447.961
France,2023/12/1,3848.909
France,2024/1/1,4268.872
France,2024/2/1,2830.843
France,2024/3/1,2888.348
France,2024/4/1,900.102
France,2024/5/1,616.111
France,2024/6/1,603.389
France,2024/7/1,915.276
France,2024/8/1,1007.781
France,2024/9/1,957.739
France,2024/10/1,926.986
France,2024/11/1,3164.388
France,2024/12/1,3056.372
France,2025/1/1,3418.774
France,2025/2/1,3330.106
France,2025/3/1,2477.637
France,2025/4/1,676.688
France,2025/5/1,437.204
France,2025/6/1,793.001
France,2025/7/1,1188.355
France,2025/8/1,1141.597
France,2025/9/1,588.133
France,2025/10/1,1437.882
France,2025/11/1,2189.805
Germany,2017/1/1,9447.693
Germany,2017/2/1,7051.09
Germany,2017/3/1,6715.718
Germany,2017/4/1,5572.014
Germany,2017/5/1,5508.734
Germany,2017/6/1,4694.722
Germany,2017/7/1,5446.4
Germany,2017/8/1,4756.054
Germany,2017/9/1,5561.552
Germany,2017/10/1,5678.752
Germany,2017/11/1,7453.385
Germany,2017/12/1,6965.17
Germany,2018/1/1,6719.77
Germany,2018/2/1,7586.443
Germany,2018/3/1,6881.457
Germany,2018/4/1,4471.636
Germany,2018/5/1,3963.054
Germany,2018/6/1,4434.286
Germany,2018/7/1,5289.545
Germany,2018/8/1,5744.276
Germany,2018/9/1,4702.708
Germany,2018/10/1,5941.299
Germany,2018/11/1,7576.058
Germany,2018/12/1,7317.545
Germany,2019/1/1,8475.136
Germany,2019/2/1,7124.563
Germany,2019/3/1,6087.599
Germany,2019/4/1,5670.031
Germany,2019/5/1,5633.917
Germany,2019/6/1,5309.609
Germany,2019/7/1,6364.497
Germany,2019/8/1,6467.898
Germany,2019/9/1,6503.13
Germany,2019/10/1,7755.499
Germany,2019/11/1,7814.988
Germany,2019/12/1,6660.974
Germany,2020/1/1,8109.667
Germany,2020/2/1,6477.704
Germany,2020/3/1,6590.407
Germany,2020/4/1,4787.175
Germany,2020/5/1,5066.652
Germany,2020/6/1,6597.67
Germany,2020/7/1,7185.874
Germany,2020/8/1,6409.257
Germany,2020/9/1,6249.947
Germany,2020/10/1,6718.307
Germany,2020/11/1,8163.702
Germany,2020/12/1,8389.763
Germany,2021/1/1,8820.575
Germany,2021/2/1,8076.368
Germany,2021/3/1,7981.264
Germany,2021/4/1,7344.199
Germany,2021/5/1,5042.66
Germany,2021/6/1,5403.161
Germany,2021/7/1,4974.114
Germany,2021/8/1,3844.675
Germany,2021/9/1,5012.896
Germany,2021/10/1,4937.277
Germany,2021/11/1,7986.409
Germany,2021/12/1,7848.549
Germany,2022/1/1,8120.754
Germany,2022/2/1,6272.237
Germany,2022/3/1,7839.294
Germany,2022/4/1,5694.971
Germany,2022/5/1,5180.808
Germany,2022/6/1,4974.848
Germany,2022/7/1,4478.255
Germany,2022/8/1,4821.179
Germany,2022/9/1,4204.186
Germany,2022/10/1,5099.647
Germany,2022/11/1,5524.235
Germany,2022/12/1,7425.813
Germany,2023/1/1,6929.031
Germany,2023/2/1,7054.679
Germany,2023/3/1,6672.227
Germany,2023/4/1,5607.915
Germany,2023/5/1,4756.696
Germany,2023/6/1,4695.18
Germany,2023/7/1,4483.581
Germany,2023/8/1,4760.543
Germany,2023/9/1,4494.134
Germany,2023/10/1,5224.676
Germany,2023/11/1,6425.552
Germany,2023/12/1,6424.451
Germany,2024/1/1,8143.58
Germany,2024/2/1,6337.23
Germany,2024/3/1,6590.936
Germany,2024/4/1,5783.415
Germany,2024/5/1,4832.9
Germany,2024/6/1,4358.718
Germany,2024/7/1,4201.465
Germany,2024/8/1,4367.39
Germany,2024/9/1,4229.138
Germany,2024/10/1,5227.403
Germany,2024/11/1,7875.394
Germany,2024/12/1,7737.96
Germany,2025/1/1,9135.247
Germany,2025/2/1,8971.976
Germany,2025/3/1,7190.51
Germany,2025/4/1,5201.02
Germany,2025/5/1,4327.637
Germany,2025/6/1,3662.882
Germany,2025/7/1,4293.492
Germany,2025/8/1,4088.412
Germany,2025/9/1,4623.878
Germany,2025/10/1,6400.564
Germany,2025/11/1,8476.657
Greece,2017/1/1,2000.67
Greece,2017/2/1,1239.83
Greece,2017/3/1,763.96
Greece,2017/4/1,764.46
Greece,2017/5/1,971.59
Greece,2017/6/1,1417.08
Greece,2017/7/1,1499.64
Greece,2017/8/1,1603.13
Greece,2017/9/1,1222.9
Greece,2017/10/1,1110.59
Greece,2017/11/1,1442.4
Greece,2017/12/1,1360.63
Greece,2018/1/1,1270.54
Greece,2018/2/1,1097.23
Greece,2018/3/1,718.82
Greece,2018/4/1,787.85
Greece,2018/5/1,948.09
Greece,2018/6/1,1078.79
Greece,2018/7/1,1280.9
Greece,2018/8/1,675.47
Greece,2018/9/1,1344.44
Greece,2018/10/1,1462.82
Greece,2018/11/1,1286.72
Greece,2018/12/1,1628.12
Greece,2019/1/1,2061.52
Greece,2019/2/1,1338.44
Greece,2019/3/1,890
Greece,2019/4/1,948.88
Greece,2019/5/1,945.93
Greece,2019/6/1,1395.618
Greece,2019/7/1,1806.25
Greece,2019/8/1,1689.17
Greece,2019/9/1,1557.257
Greece,2019/10/1,1471.07
Greece,2019/11/1,1109.752
Greece,2019/12/1,1013.86
Greece,2020/1/1,1660.7
Greece,2020/2/1,1199.616
Greece,2020/3/1,1136.488
Greece,2020/4/1,1059.752
Greece,2020/5/1,1254.78
Greece,2020/6/1,1412.092
Greece,2020/7/1,2023.96
Greece,2020/8/1,1859.933
Greece,2020/9/1,1634.954
Greece,2020/10/1,1420.039
Greece,2020/11/1,1482.31
Greece,2020/12/1,1812.19
Greece,2021/1/1,1704.146
Greece,2021/2/1,923.88
Greece,2021/3/1,1410.449
Greece,2021/4/1,1680.4
Greece,2021/5/1,1289.715
Greece,2021/6/1,2025.52
Greece,2021/7/1,2475.953
Greece,2021/8/1,2326.46
Greece,2021/9/1,2064.988
Greece,2021/10/1,1963.711
Greece,2021/11/1,1908.29
Greece,2021/12/1,1977.39
Greece,2022/1/1,1647.571
Greece,2022/2/1,1548.91
Greece,2022/3/1,2143.12
Greece,2022/4/1,889.6
Greece,2022/5/1,1253.217
Greece,2022/6/1,1707.68
Greece,2022/7/1,2348.07
Greece,2022/8/1,2225.02
Greece,2022/9/1,1321.7
Greece,2022/10/1,864.18
Greece,2022/11/1,1270.68
Greece,2022/12/1,1652.85
Greece,2023/1/1,958.242
Greece,2023/2/1,981.166
Greece,2023/3/1,1018.53
Greece,2023/4/1,1164.54
Greece,2023/5/1,941.73
Greece,2023/6/1,1459.744
Greece,2023/7/1,1975.93
Greece,2023/8/1,1687.208
Greece,2023/9/1,1555.64
Greece,2023/10/1,1378.93
Greece,2023/11/1,1014.2
Greece,2023/12/1,1243.17
Greece,2024/1/1,1461.803
Greece,2024/2/1,1197.54
Greece,2024/3/1,1388.03
Greece,2024/4/1,1154.03
Greece,2024/5/1,1592.91
Greece,2024/6/1,1945.36
Greece,2024/7/1,2315.058
Greece,2024/8/1,2098.89
Greece,2024/9/1,1623.628
Greece,2024/10/1,1363.63
Greece,2024/11/1,2072.75
Greece,2024/12/1,2099.57
Greece,2025/1/1,2317.261
Greece,2025/2/1,2421.649
Greece,2025/3/1,1472.779
Greece,2025/4/1,1056.571
Greece,2025/5/1,1422.471
Greece,2025/6/1,1993.54
Greece,2025/7/1,2450.485
Greece,2025/8/1,1986.515
Greece,2025/9/1,1744.561
Greece,2025/10/1,1849.093
Greece,2025/11/1,1739.329
Hungary,2017/1/1,975.348
Hungary,2017/2/1,580.54
Hungary,2017/3/1,416.647
Hungary,2017/4/1,472.913
Hungary,2017/5/1,449.365
Hungary,2017/6/1,576.046
Hungary,2017/7/1,600.922
Hungary,2017/8/1,669.406
Hungary,2017/9/1,554.929
Hungary,2017/10/1,570.232
Hungary,2017/11/1,987.971
Hungary,2017/12/1,784.849
Hungary,2018/1/1,765.426
Hungary,2018/2/1,714.728
Hungary,2018/3/1,559.046
Hungary,2018/4/1,386.408
Hungary,2018/5/1,421.162
Hungary,2018/6/1,401.749
Hungary,2018/7/1,547.559
Hungary,2018/8/1,503.509
Hungary,2018/9/1,510.531
Hungary,2018/10/1,582.853
Hungary,2018/11/1,801.665
Hungary,2018/12/1,842.293
Hungary,2019/1/1,1069.171
Hungary,2019/2/1,611.581
Hungary,2019/3/1,546.16
Hungary,2019/4/1,505.941
Hungary,2019/5/1,437.887
Hungary,2019/6/1,511.474
Hungary,2019/7/1,673.054
Hungary,2019/8/1,689.213
Hungary,2019/9/1,748.143
Hungary,2019/10/1,931.279
Hungary,2019/11/1,807.37
Hungary,2019/12/1,821.283
Hungary,2020/1/1,995.843
Hungary,2020/2/1,935.806
Hungary,2020/3/1,712.427
Hungary,2020/4/1,475.988
Hungary,2020/5/1,456.231
Hungary,2020/6/1,605.291
Hungary,2020/7/1,670.028
Hungary,2020/8/1,681.67
Hungary,2020/9/1,694.085
Hungary,2020/10/1,774.808
Hungary,2020/11/1,976.283
Hungary,2020/12/1,817.135
Hungary,2021/1/1,1007.502
Hungary,2021/2/1,760.581
Hungary,2021/3/1,745.602
Hungary,2021/4/1,651.253
Hungary,2021/5/1,624.199
Hungary,2021/6/1,640.801
Hungary,2021/7/1,682.603
Hungary,2021/8/1,628.753
Hungary,2021/9/1,609.508
Hungary,2021/10/1,803.45
Hungary,2021/11/1,1029.646
Hungary,2021/12/1,1055.572
Hungary,2022/1/1,964.161
Hungary,2022/2/1,896.376
Hungary,2022/3/1,845.303
Hungary,2022/4/1,503.322
Hungary,2022/5/1,517.82
Hungary,2022/6/1,544.737
Hungary,2022/7/1,649.193
Hungary,2022/8/1,612.925
Hungary,2022/9/1,601.552
Hungary,2022/10/1,650.218
Hungary,2022/11/1,795.53
Hungary,2022/12/1,863.191
Hungary,2023/1/1,708.94
Hungary,2023/2/1,732.344
Hungary,2023/3/1,634.659
Hungary,2023/4/1,449.333
Hungary,2023/5/1,436.171
Hungary,2023/6/1,415.46
Hungary,2023/7/1,589.36
Hungary,2023/8/1,544.236
Hungary,2023/9/1,527.98
Hungary,2023/10/1,598.853
Hungary,2023/11/1,705.116
Hungary,2023/12/1,673.749
Hungary,2024/1/1,794.696
Hungary,2024/2/1,596.916
Hungary,2024/3/1,565.814
Hungary,2024/4/1,431.215
Hungary,2024/5/1,407.732
Hungary,2024/6/1,373.906
Hungary,2024/7/1,433.198
Hungary,2024/8/1,428.018
Hungary,2024/9/1,450.306
Hungary,2024/10/1,583.512
Hungary,2024/11/1,885.951
Hungary,2024/12/1,897.502
Hungary,2025/1/1,999.544
Hungary,2025/2/1,944.049
Hungary,2025/3/1,620.951
Hungary,2025/4/1,385.984
Hungary,2025/5/1,290.89
Hungary,2025/6/1,359.605
Hungary,2025/7/1,489.978
Hungary,2025/8/1,360.853
Hungary,2025/9/1,395.641
Hungary,2025/10/1,807.428
Hungary,2025/11/1,932.416
Ireland,2017/1/1,1203.019
Ireland,2017/2/1,907.901
Ireland,2017/3/1,1110.985
Ireland,2017/4/1,1261.64
Ireland,2017/5/1,1223.282
Ireland,2017/6/1,1293.201
Ireland,2017/7/1,1477.708
Ireland,2017/8/1,1421.376
Ireland,2017/9/1,1257.956
Ireland,2017/10/1,1161.437
Ireland,2017/11/1,1215.949
Ireland,2017/12/1,1024.38
Ireland,2018/1/1,938.011
Ireland,2018/2/1,894.211
Ireland,2018/3/1,1067.655
Ireland,2018/4/1,1124.756
Ireland,2018/5/1,1368.56
Ireland,2018/6/1,1600.543
Ireland,2018/7/1,1672.965
Ireland,2018/8/1,1438.671
Ireland,2018/9/1,1169.378
Ireland,2018/10/1,1300.177
Ireland,2018/11/1,1195.905
Ireland,2018/12/1,1098.481
Ireland,2019/1/1,1231.46
Ireland,2019/2/1,852.152
Ireland,2019/3/1,1088.33
Ireland,2019/4/1,1285.77
Ireland,2019/5/1,1544.862
Ireland,2019/6/1,1371.465
Ireland,2019/7/1,1541.377
Ireland,2019/8/1,1164.233
Ireland,2019/9/1,1135.898
Ireland,2019/10/1,1197.346
Ireland,2019/11/1,1312.534
Ireland,2019/12/1,1090.237
Ireland,2020/1/1,1173.909
Ireland,2020/2/1,948.155
Ireland,2020/3/1,1113.838
Ireland,2020/4/1,1260.808
Ireland,2020/5/1,1395.565
Ireland,2020/6/1,1363.935
Ireland,2020/7/1,1443.133
Ireland,2020/8/1,1500.28
Ireland,2020/9/1,1378.613
Ireland,2020/10/1,1091.548
Ireland,2020/11/1,1137.129
Ireland,2020/12/1,1232.838
Ireland,2021/1/1,1317.913
Ireland,2021/2/1,909.638
Ireland,2021/3/1,1237.609
Ireland,2021/4/1,1224.695
Ireland,2021/5/1,988.625
Ireland,2021/6/1,1193.044
Ireland,2021/7/1,1342.993
Ireland,2021/8/1,1322.167
Ireland,2021/9/1,1207.429
Ireland,2021/10/1,1021.739
Ireland,2021/11/1,1147.128
Ireland,2021/12/1,1079.121
Ireland,2022/1/1,1284.871
Ireland,2022/2/1,785.764
Ireland,2022/3/1,1130.536
Ireland,2022/4/1,1292.777
Ireland,2022/5/1,1334.328
Ireland,2022/6/1,1391.364
Ireland,2022/7/1,1556.081
Ireland,2022/8/1,1636.959
Ireland,2022/9/1,1347.092
Ireland,2022/10/1,1096.28
Ireland,2022/11/1,1174.975
Ireland,2022/12/1,1404.173
Ireland,2023/1/1,1237.899
Ireland,2023/2/1,1154.667
Ireland,2023/3/1,1293.367
Ireland,2023/4/1,1201.111
Ireland,2023/5/1,1421.462
Ireland,2023/6/1,1358.163
Ireland,2023/7/1,1158.523
Ireland,2023/8/1,1134.077
Ireland,2023/9/1,1119.448
Ireland,2023/10/1,1132.292
Ireland,2023/11/1,1132.536
Ireland,2023/12/1,903.48
Ireland,2024/1/1,1323.497
Ireland,2024/2/1,992.188
Ireland,2024/3/1,1020.242
Ireland,2024/4/1,1072.22
Ireland,2024/5/1,1350.326
Ireland,2024/6/1,1045.08
Ireland,2024/7/1,1166.421
Ireland,2024/8/1,964.158
Ireland,2024/9/1,1166.878
Ireland,2024/10/1,1216.186
Ireland,2024/11/1,1534.592
Ireland,2024/12/1,1181.788
Ireland,2025/1/1,1454.014
Ireland,2025/2/1,880.341
Ireland,2025/3/1,1192.408
Ireland,2025/4/1,1141.06
Ireland,2025/5/1,1078.982
Ireland,2025/6/1,947.931
Ireland,2025/7/1,1384.878
Ireland,2025/8/1,1195.996
Ireland,2025/9/1,986.244
Ireland,2025/10/1,1147.084
Ireland,2025/11/1,1293.017
Italy,2017/1/1,11399.943
Italy,2017/2/1,10959.136
Italy,2017/3/1,10233.581
Italy,2017/4/1,8143.697
Italy,2017/5/1,7754.316
Italy,2017/6/1,9476.996
Italy,2017/7/1,11901.305
Italy,2017/8/1,10090.144
Italy,2017/9/1,10505.523
Italy,2017/10/1,10155.125
Italy,2017/11/1,10467
Italy,2017/12/1,11597.282
Italy,2018/1/1,11571.405
Italy,2018/2/1,11044.664
Italy,2018/3/1,10509.292
Italy,2018/4/1,8143.523
Italy,2018/5/1,7883.701
Italy,2018/6/1,9531.285
Italy,2018/7/1,11242.396
Italy,2018/8/1,10152.908
Italy,2018/9/1,10389.789
Italy,2018/10/1,10448.848
Italy,2018/11/1,10538.786
Italy,2018/12/1,11044.104
Italy,2019/1/1,11351.006
Italy,2019/2/1,10870.672
Italy,2019/3/1,10329.833
Italy,2019/4/1,8104.044
Italy,2019/5/1,7894.178
Italy,2019/6/1,9382.673
Italy,2019/7/1,11517.207
Italy,2019/8/1,9934.577
Italy,2019/9/1,10483.526
Italy,2019/10/1,10529.15
Italy,2019/11/1,10564.682
Italy,2019/12/1,11370.142
Italy,2020/1/1,11851.417
Italy,2020/2/1,11052.035
Italy,2020/3/1,10771.07
Italy,2020/4/1,8314.895
Italy,2020/5/1,7855.628
Italy,2020/6/1,9582.191
Italy,2020/7/1,11821.863
Italy,2020/8/1,9869.972
Italy,2020/9/1,10490.49
Italy,2020/10/1,10358.71
Italy,2020/11/1,10913.181
Italy,2020/12/1,11120.296
Italy,2021/1/1,11674.14
Italy,2021/2/1,10865.945
Italy,2021/3/1,10401.673
Italy,2021/4/1,8338.351
Italy,2021/5/1,7520.363
Italy,2021/6/1,9539.423
Italy,2021/7/1,11687.671
Italy,2021/8/1,9912.274
Italy,2021/9/1,10649.728
Italy,2021/10/1,10120.387
Italy,2021/11/1,10861.182
Italy,2021/12/1,11096.623
Italy,2022/1/1,13890.942
Italy,2022/2/1,12378.986
Italy,2022/3/1,13408.004
Italy,2022/4/1,9963.197
Italy,2022/5/1,9932.421
Italy,2022/6/1,11625.179
Italy,2022/7/1,11533.001
Italy,2022/8/1,12186.417
Italy,2022/9/1,12028.904
Italy,2022/10/1,12167.353
Italy,2022/11/1,11495.862
Italy,2022/12/1,12761.9
Italy,2023/1/1,11955.688
Italy,2023/2/1,11273.071
Italy,2023/3/1,11080.975
Italy,2023/4/1,8082.346
Italy,2023/5/1,7775.205
Italy,2023/6/1,9291.606
Italy,2023/7/1,11975.457
Italy,2023/8/1,9350.903
Italy,2023/9/1,10272.011
Italy,2023/10/1,9645.932
Italy,2023/11/1,8516.033
Italy,2023/12/1,9627.156
Italy,2024/1/1,8361.79
Italy,2024/2/1,8238.887
Italy,2024/3/1,7178.786
Italy,2024/4/1,7209.13
Italy,2024/5/1,6928.734
Italy,2024/6/1,7640.867
Italy,2024/7/1,11499.19
Italy,2024/8/1,10567.868
Italy,2024/9/1,9626.441
Italy,2024/10/1,9642.292
Italy,2024/11/1,10689.099
Italy,2024/12/1,11660.973
Italy,2025/1/1,12251.183
Italy,2025/2/1,12696.321
Italy,2025/3/1,10379.688
Italy,2025/4/1,7386.313
Italy,2025/5/1,6124.257
Italy,2025/6/1,8886.168
Italy,2025/7/1,11120.094
Italy,2025/8/1,8238.731
Italy,2025/9/1,10553.086
Italy,2025/10/1,10622.147
Italy,2025/11/1,11963.156
Latvia,2017/1/1,403
Latvia,2017/2/1,356
Latvia,2017/3/1,148
Latvia,2017/4/1,138
Latvia,2017/5/1,91
Latvia,2017/6/1,136
Latvia,2017/7/1,127
Latvia,2017/8/1,77
Latvia,2017/9/1,97
Latvia,2017/10/1,165
Latvia,2017/11/1,176
Latvia,2017/12/1,158
Latvia,2018/1/1,273
Latvia,2018/2/1,402
Latvia,2018/3/1,404
Latvia,2018/4/1,128
Latvia,2018/5/1,80
Latvia,2018/6/1,145
Latvia,2018/7/1,235
Latvia,2018/8/1,320
Latvia,2018/9/1,249
Latvia,2018/10/1,240
Latvia,2018/11/1,330
Latvia,2018/12/1,359
Latvia,2019/1/1,417
Latvia,2019/2/1,232
Latvia,2019/3/1,201
Latvia,2019/4/1,121
Latvia,2019/5/1,176
Latvia,2019/6/1,262
Latvia,2019/7/1,229
Latvia,2019/8/1,373
Latvia,2019/9/1,401
Latvia,2019/10/1,271
Latvia,2019/11/1,234
Latvia,2019/12/1,191
Latvia,2020/1/1,140
Latvia,2020/2/1,145
Latvia,2020/3/1,95
Latvia,2020/4/1,81
Latvia,2020/5/1,147
Latvia,2020/6/1,245
Latvia,2020/7/1,78
Latvia,2020/8/1,256
Latvia,2020/9/1,159
Latvia,2020/10/1,144
Latvia,2020/11/1,226
Latvia,2020/12/1,245
Latvia,2021/1/1,327
Latvia,2021/2/1,316
Latvia,2021/3/1,218
Latvia,2021/4/1,66
Latvia,2021/5/1,25
Latvia,2021/6/1,110
Latvia,2021/7/1,172
Latvia,2021/8/1,29
Latvia,2021/9/1,180
Latvia,2021/10/1,105
Latvia,2021/11/1,173
Latvia,2021/12/1,310
Latvia,2022/1/1,198
Latvia,2022/2/1,60
Latvia,2022/3/1,23
Latvia,2022/4/1,19
Latvia,2022/5/1,18
Latvia,2022/6/1,4
Latvia,2022/7/1,9
Latvia,2022/8/1,117
Latvia,2022/9/1,81
Latvia,2022/10/1,9
Latvia,2022/11/1,254
Latvia,2022/12/1,381.858
Latvia,2023/1/1,171
Latvia,2023/2/1,238
Latvia,2023/3/1,181
Latvia,2023/4/1,13
Latvia,2023/5/1,168.9514906
Latvia,2023/6/1,65
Latvia,2023/7/1,12
Latvia,2023/8/1,89
Latvia,2023/9/1,141
Latvia,2023/10/1,102
Latvia,2023/11/1,173
Latvia,2023/12/1,182
Latvia,2024/1/1,409
Latvia,2024/2/1,316
Latvia,2024/3/1,162
Latvia,2024/4/1,38
Latvia,2024/5/1,3
Latvia,2024/6/1,3
Latvia,2024/7/1,80
Latvia,2024/8/1,104
Latvia,2024/9/1,138
Latvia,2024/10/1,64
Latvia,2024/11/1,154
Latvia,2024/12/1,129
Latvia,2025/1/1,203
Latvia,2025/2/1,422
Latvia,2025/3/1,175
Latvia,2025/4/1,63
Latvia,2025/5/1,17
Latvia,2025/6/1,6
Latvia,2025/7/1,62
Latvia,2025/8/1,61
Latvia,2025/9/1,85
Latvia,2025/10/1,136
Latvia,2025/11/1,201
Lithuania,2017/1/1,48.85
Lithuania,2017/2/1,37.764
Lithuania,2017/3/1,50.23
Lithuania,2017/4/1,42.57
Lithuania,2017/5/1,83.255
Lithuania,2017/6/1,41.241
Lithuania,2017/7/1,10.906
Lithuania,2017/8/1,24.509
Lithuania,2017/9/1,32.911
Lithuania,2017/10/1,39.968
Lithuania,2017/11/1,45.122
Lithuania,2017/12/1,41.165
Lithuania,2018/1/1,37.693
Lithuania,2018/2/1,33.169
Lithuania,2018/3/1,45.464
Lithuania,2018/4/1,34.14
Lithuania,2018/5/1,48.84
Lithuania,2018/6/1,2.582
Lithuania,2018/7/1,18.671
Lithuania,2018/8/1,22.394
Lithuania,2018/9/1,14.138
Lithuania,2018/10/1,20.933
Lithuania,2018/11/1,2.326
Lithuania,2018/12/1,3.66
Lithuania,2019/1/1,31.49
Lithuania,2019/2/1,49.748
Lithuania,2019/3/1,37.824
Lithuania,2019/4/1,36.484
Lithuania,2019/5/1,50.383
Lithuania,2019/6/1,30.407
Lithuania,2019/7/1,28.625
Lithuania,2019/8/1,25.5
Lithuania,2019/9/1,39.4
Lithuania,2019/10/1,46.9
Lithuania,2019/11/1,28.444
Lithuania,2019/12/1,29.311
Lithuania,2020/1/1,27.995
Lithuania,2020/2/1,57.049
Lithuania,2020/3/1,42.188
Lithuania,2020/4/1,38.196
Lithuania,2020/5/1,102.796
Lithuania,2020/6/1,195.161
Lithuania,2020/7/1,196.585
Lithuania,2020/8/1,243.251
Lithuania,2020/9/1,199.217
Lithuania,2020/10/1,135.74
Lithuania,2020/11/1,119.431
Lithuania,2020/12/1,147.953
Lithuania,2021/1/1,106.944
Lithuania,2021/2/1,108.658
Lithuania,2021/3/1,94.992
Lithuania,2021/4/1,79.058
Lithuania,2021/5/1,60.694
Lithuania,2021/6/1,162.938
Lithuania,2021/7/1,106.461
Lithuania,2021/8/1,57.251
Lithuania,2021/9/1,160.618
Lithuania,2021/10/1,48.614
Lithuania,2021/11/1,17.049
Lithuania,2021/12/1,70.636
Lithuania,2022/1/1,20.885
Lithuania,2022/2/1,15.402
Lithuania,2022/3/1,69.945
Lithuania,2022/4/1,17.024
Lithuania,2022/5/1,12.732
Lithuania,2022/6/1,52.177
Lithuania,2022/7/1,48.105
Lithuania,2022/8/1,64.041
Lithuania,2022/9/1,14.74
Lithuania,2022/10/1,32.905
Lithuania,2022/11/1,73.301
Lithuania,2022/12/1,141.258
Lithuania,2023/1/1,36.23
Lithuania,2023/2/1,26.238
Lithuania,2023/3/1,40.217
Lithuania,2023/4/1,36.713
Lithuania,2023/5/1,27.178
Lithuania,2023/6/1,70.441
Lithuania,2023/7/1,29.221
Lithuania,2023/8/1,54.938
Lithuania,2023/9/1,64.376
Lithuania,2023/10/1,84.978
Lithuania,2023/11/1,58.677
Lithuania,2023/12/1,101.212
Lithuania,2024/1/1,142.614
Lithuania,2024/2/1,72.033
Lithuania,2024/3/1,34.173
Lithuania,2024/4/1,31.606
Lithuania,2024/5/1,17.232
Lithuania,2024/6/1,46.074
Lithuania,2024/7/1,63.737
Lithuania,2024/8/1,51.581
Lithuania,2024/9/1,42.568
Lithuania,2024/10/1,51.825
Lithuania,2024/11/1,74.995
Lithuania,2024/12/1,124.631
Lithuania,2025/1/1,195.139
Lithuania,2025/2/1,202.673
Lithuania,2025/3/1,148.521
Lithuania,2025/4/1,177.904
Lithuania,2025/5/1,193.995
Lithuania,2025/6/1,2.228
Lithuania,2025/7/1,79.601
Lithuania,2025/8/1,61.551
Lithuania,2025/9/1,87.807
Lithuania,2025/10/1,131.698
Lithuania,2025/11/1,35.722
Poland,2017/1/1,762.312
Poland,2017/2/1,677.058
Poland,2017/3/1,780.426
Poland,2017/4/1,820.138
Poland,2017/5/1,619.107
Poland,2017/6/1,610.333
Poland,2017/7/1,635.678
Poland,2017/8/1,593.391
Poland,2017/9/1,699.763
Poland,2017/10/1,915.309
Poland,2017/11/1,951.594
Poland,2017/12/1,953.376
Poland,2018/1/1,1064.163
Poland,2018/2/1,1074.622
Poland,2018/3/1,1211.641
Poland,2018/4/1,907.569
Poland,2018/5/1,914.771
Poland,2018/6/1,872.724
Poland,2018/7/1,1026.282
Poland,2018/8/1,1118.823
Poland,2018/9/1,766.927
Poland,2018/10/1,936.833
Poland,2018/11/1,1001.06
Poland,2018/12/1,1179.149
Poland,2019/1/1,1201.001
Poland,2019/2/1,1067.131
Poland,2019/3/1,1227.542
Poland,2019/4/1,1338.77
Poland,2019/5/1,1142.303
Poland,2019/6/1,976.285
Poland,2019/7/1,1158.824
Poland,2019/8/1,1271.458
Poland,2019/9/1,924.877
Poland,2019/10/1,1209.739
Poland,2019/11/1,1317.927
Poland,2019/12/1,1624.489
Poland,2020/1/1,1341.414
Poland,2020/2/1,1237.98
Poland,2020/3/1,1353.571
Poland,2020/4/1,1264.294
Poland,2020/5/1,1234.188
Poland,2020/6/1,1037.045
Poland,2020/7/1,1325.27
Poland,2020/8/1,1170.707
Poland,2020/9/1,1232.744
Poland,2020/10/1,1358.012
Poland,2020/11/1,1565.729
Poland,2020/12/1,1653.226
Poland,2021/1/1,1560.463
Poland,2021/2/1,1218.962
Poland,2021/3/1,1176.306
Poland,2021/4/1,1114.23
Poland,2021/5/1,1179.843
Poland,2021/6/1,1256.825
Poland,2021/7/1,1258.564
Poland,2021/8/1,1188.669
Poland,2021/9/1,1132.046
Poland,2021/10/1,1330.127
Poland,2021/11/1,1439.005
Poland,2021/12/1,1321.282
Poland,2022/1/1,1313.341
Poland,2022/2/1,1068.909
Poland,2022/3/1,1018.365
Poland,2022/4/1,827.53
Poland,2022/5/1,967.261
Poland,2022/6/1,940.172
Poland,2022/7/1,722.858
Poland,2022/8/1,628.872
Poland,2022/9/1,595.985
Poland,2022/10/1,882.762
Poland,2022/11/1,1113.026
Poland,2022/12/1,1149.411
Poland,2023/1/1,1512.202
Poland,2023/2/1,1337.375
Poland,2023/3/1,1661.159
Poland,2023/4/1,1403.349
Poland,2023/5/1,1056.367
Poland,2023/6/1,1139.237
Poland,2023/7/1,1172.669
Poland,2023/8/1,1213.612
Poland,2023/9/1,778.069
Poland,2023/10/1,1375.891
Poland,2023/11/1,1759.832
Poland,2023/12/1,1837.156
Poland,2024/1/1,1961.114
Poland,2024/2/1,1734.646
Poland,2024/3/1,1650.865
Poland,2024/4/1,1307.339
Poland,2024/5/1,879.334
Poland,2024/6/1,846.59
Poland,2024/7/1,1142.948
Poland,2024/8/1,1623.457
Poland,2024/9/1,1669.283
Poland,2024/10/1,1879.512
Poland,2024/11/1,2226.456
Poland,2024/12/1,2120.729
Poland,2025/1/1,2250.805
Poland,2025/2/1,2018.548
Poland,2025/3/1,2039.505
Poland,2025/4/1,1882.014
Poland,2025/5/1,1614.592
Poland,2025/6/1,1321.355
Poland,2025/7/1,1726.835
Poland,2025/8/1,1574.794
Poland,2025/9/1,1718.934
Poland,2025/10/1,2186.346
Poland,2025/11/1,2549.172
Portugal,2017/1/1,1437.726
Portugal,2017/2/1,1135.506
Portugal,2017/3/1,1246.695
Portugal,2017/4/1,1120.268
Portugal,2017/5/1,1425.646
Portugal,2017/6/1,1662.126
Portugal,2017/7/1,1990.304
Portugal,2017/8/1,2066.968
Portugal,2017/9/1,1630.112
Portugal,2017/10/1,1311
Portugal,2017/11/1,1544
Portugal,2017/12/1,1180
Portugal,2018/1/1,1515
Portugal,2018/2/1,1134
Portugal,2018/3/1,600
Portugal,2018/4/1,577
Portugal,2018/5/1,958
Portugal,2018/6/1,1410
Portugal,2018/7/1,1724
Portugal,2018/8/1,1623
Portugal,2018/9/1,1606
Portugal,2018/10/1,1206
Portugal,2018/11/1,1193
Portugal,2018/12/1,885
Portugal,2019/1/1,1150
Portugal,2019/2/1,822
Portugal,2019/3/1,650
Portugal,2019/4/1,983
Portugal,2019/5/1,1362.666
Portugal,2019/6/1,1659.53
Portugal,2019/7/1,1876.466
Portugal,2019/8/1,1702.831
Portugal,2019/9/1,1618.121
Portugal,2019/10/1,1690.178
Portugal,2019/11/1,1485.729
Portugal,2019/12/1,1104.28
Portugal,2020/1/1,1645.031
Portugal,2020/2/1,1245.83
Portugal,2020/3/1,1060.29
Portugal,2020/4/1,559.312
Portugal,2020/5/1,907.694
Portugal,2020/6/1,1321.84
Portugal,2020/7/1,1946.918
Portugal,2020/8/1,1820.1
Portugal,2020/9/1,1932.396
Portugal,2020/10/1,1612.017
Portugal,2020/11/1,1452.19
Portugal,2020/12/1,1019.748
Portugal,2021/1/1,1204.294
Portugal,2021/2/1,528.557
Portugal,2021/3/1,841.346
Portugal,2021/4/1,1365.237
Portugal,2021/5/1,915.802
Portugal,2021/6/1,1073.939
Portugal,2021/7/1,1312.374
Portugal,2021/8/1,1177.033
Portugal,2021/9/1,1527.23
Portugal,2021/10/1,1340.872
Portugal,2021/11/1,1422.751
Portugal,2021/12/1,1155.617
Portugal,2022/1/1,1432.335
Portugal,2022/2/1,1227.394
Portugal,2022/3/1,1295.754
Portugal,2022/4/1,1064.382
Portugal,2022/5/1,1334.975
Portugal,2022/6/1,1529.792
Portugal,2022/7/1,1639.059
Portugal,2022/8/1,1562.728
Portugal,2022/9/1,1423.329
Portugal,2022/10/1,1400.397
Portugal,2022/11/1,1435.342
Portugal,2022/12/1,947.387
Portugal,2023/1/1,643.976
Portugal,2023/2/1,1327.655
Portugal,2023/3/1,692.591
Portugal,2023/4/1,557.933
Portugal,2023/5/1,686.583
Portugal,2023/6/1,1072.325
Portugal,2023/7/1,1041.322
Portugal,2023/8/1,957.195
Portugal,2023/9/1,1053.956
Portugal,2023/10/1,756.806
Portugal,2023/11/1,608.43
Portugal,2023/12/1,545.462
Portugal,2024/1/1,735.849
Portugal,2024/2/1,440.902
Portugal,2024/3/1,475.551
Portugal,2024/4/1,173.221
Portugal,2024/5/1,152.627
Portugal,2024/6/1,113.978
Portugal,2024/7/1,333.748
Portugal,2024/8/1,352.048
Portugal,2024/9/1,345.18
Portugal,2024/10/1,384.71
Portugal,2024/11/1,532.408
Portugal,2024/12/1,746.085
Portugal,2025/1/1,696.656
Portugal,2025/2/1,623.676
Portugal,2025/3/1,433.818
Portugal,2025/4/1,313.575
Portugal,2025/5/1,646.939
Portugal,2025/6/1,610.969
Portugal,2025/7/1,683.497
Portugal,2025/8/1,791.936
Portugal,2025/9/1,783.22
Portugal,2025/10/1,836.957
Portugal,2025/11/1,779.511
Spain,2017/1/1,5109.424
Spain,2017/2/1,3491.8
Spain,2017/3/1,3609.102
Spain,2017/4/1,3241.373
Spain,2017/5/1,3883.242
Spain,2017/6/1,5269.747
Spain,2017/7/1,5905.183
Spain,2017/8/1,5506.954
Spain,2017/9/1,5273.503
Spain,2017/10/1,6063.309
Spain,2017/11/1,6821.002
Spain,2017/12/1,5333.076
Spain,2018/1/1,4538.985
Spain,2018/2/1,4043.688
Spain,2018/3/1,3410.522
Spain,2018/4/1,3390.122
Spain,2018/5/1,4207.641
Spain,2018/6/1,4364.252
Spain,2018/7/1,4475.082
Spain,2018/8/1,4851.183
Spain,2018/9/1,4339.733
Spain,2018/10/1,4817.567
Spain,2018/11/1,5498.143
Spain,2018/12/1,5214.648
Spain,2019/1/1,5625
Spain,2019/2/1,4662.989
Spain,2019/3/1,4546.247
Spain,2019/4/1,5049.719
Spain,2019/5/1,6291.906
Spain,2019/6/1,7434.488
Spain,2019/7/1,9329.016
Spain,2019/8/1,9214
Spain,2019/9/1,7584.916
Spain,2019/10/1,7909.643
Spain,2019/11/1,6179.626
Spain,2019/12/1,4957.446
Spain,2020/1/1,5715.239
Spain,2020/2/1,4624.221
Spain,2020/3/1,3619.363
Spain,2020/4/1,3640.28
Spain,2020/5/1,4085.351
Spain,2020/6/1,5700.824
Spain,2020/7/1,8156.337
Spain,2020/8/1,7283.909
Spain,2020/9/1,6842.59
Spain,2020/10/1,5051.039
Spain,2020/11/1,5557.657
Spain,2020/12/1,4786.65
Spain,2021/1/1,4612.988
Spain,2021/2/1,2930.363
Spain,2021/3/1,3894.281
Spain,2021/4/1,5046.254
Spain,2021/5/1,4190.931
Spain,2021/6/1,5343.758
Spain,2021/7/1,5453.341
Spain,2021/8/1,5654.188
Spain,2021/9/1,6605.979
Spain,2021/10/1,6046.131
Spain,2021/11/1,7959.68
Spain,2021/12/1,6798.073
Spain,2022/1/1,7503.589
Spain,2022/2/1,6279.707
Spain,2022/3/1,5571.244
Spain,2022/4/1,4419.446
Spain,2022/5/1,5125.574
Spain,2022/6/1,7515.07
Spain,2022/7/1,9112.793
Spain,2022/8/1,8512.476
Spain,2022/9/1,8089.82
Spain,2022/10/1,7753.273
Spain,2022/11/1,5674.939
Spain,2022/12/1,5009.282
Spain,2023/1/1,3518.771
Spain,2023/2/1,5610.424
Spain,2023/3/1,4357.902
Spain,2023/4/1,4014.723
Spain,2023/5/1,4576.193
Spain,2023/6/1,5839.544
Spain,2023/7/1,6036.418
Spain,2023/8/1,5855.569
Spain,2023/9/1,5827.674
Spain,2023/10/1,4822.943
Spain,2023/11/1,3432.769
Spain,2023/12/1,3915.184
Spain,2024/1/1,4531.026
Spain,2024/2/1,3030.703
Spain,2024/3/1,2926.444
Spain,2024/4/1,2517.574
Spain,2024/5/1,2890.558
Spain,2024/6/1,3101.38
Spain,2024/7/1,4265.488
Spain,2024/8/1,4453.367
Spain,2024/9/1,3711.608
Spain,2024/10/1,3597.753
Spain,2024/11/1,5119.609
Spain,2024/12/1,6152.935
Spain,2025/1/1,4368.038
Spain,2025/2/1,4027.915
Spain,2025/3/1,3235.912
Spain,2025/4/1,3274.287
Spain,2025/5/1,3981.765
Spain,2025/6/1,5487.316
Spain,2025/7/1,5085.533
Spain,2025/8/1,4947.981
Spain,2025/9/1,4554.063
Spain,2025/10/1,6072.05
Spain,2025/11/1,4930.211
Denmark,2017/1/1,343.889
Denmark,2017/2/1,304.648
Denmark,2017/3/1,317.097
Denmark,2017/4/1,184.478
Denmark,2017/5/1,110.727
Denmark,2017/6/1,62.5
Denmark,2017/7/1,67.018
Denmark,2017/8/1,73.724
Denmark,2017/9/1,104.64
Denmark,2017/10/1,113.124
Denmark,2017/11/1,181.74
Denmark,2017/12/1,171.867
Denmark,2018/1/1,276.87
Denmark,2018/2/1,312.178
Denmark,2018/3/1,253.262
Denmark,2018/4/1,136.147
Denmark,2018/5/1,68.427
Denmark,2018/6/1,57.558
Denmark,2018/7/1,58.387
Denmark,2018/8/1,89.994
Denmark,2018/9/1,84.618
Denmark,2018/10/1,138.198
Denmark,2018/11/1,229.188
Denmark,2018/12/1,254.849
Denmark,2019/1/1,316.699
Denmark,2019/2/1,232.859
Denmark,2019/3/1,195.948
Denmark,2019/4/1,123.014
Denmark,2019/5/1,103.739
Denmark,2019/6/1,66.324
Denmark,2019/7/1,64.531
Denmark,2019/8/1,73.509
Denmark,2019/9/1,82.49
Denmark,2019/10/1,168.768
Denmark,2019/11/1,220.676
Denmark,2019/12/1,204.492
Denmark,2020/1/1,147.809
Denmark,2020/2/1,116.878
Denmark,2020/3/1,116.856
Denmark,2020/4/1,69.266
Denmark,2020/5/1,65.17
Denmark,2020/6/1,60.903
Denmark,2020/7/1,52.177
Denmark,2020/8/1,46.635
Denmark,2020/9/1,68.444
Denmark,2020/10/1,88.269
Denmark,2020/11/1,113.614
Denmark,2020/12/1,185.077
Denmark,2021/1/1,282.242
Denmark,2021/2/1,246.727
Denmark,2021/3/1,168.734
Denmark,2021/4/1,109.218
Denmark,2021/5/1,96.883
Denmark,2021/6/1,51.414
Denmark,2021/7/1,37.178
Denmark,2021/8/1,41.717
Denmark,2021/9/1,57.472
Denmark,2021/10/1,68.832
Denmark,2021/11/1,143.302
Denmark,2021/12/1,184.394
Denmark,2022/1/1,137.786
Denmark,2022/2/1,84.715
Denmark,2022/3/1,169.847
Denmark,2022/4/1,69.949
Denmark,2022/5/1,60.187
Denmark,2022/6/1,57.536
Denmark,2022/7/1,35.52
Denmark,2022/8/1,36.329
Denmark,2022/9/1,46.084
Denmark,2022/10/1,75.101
Denmark,2022/11/1,93.364
Denmark,2022/12/1,249.636
Denmark,2023/1/1,158.188
Denmark,2023/2/1,152.63
Denmark,2023/3/1,140.215
Denmark,2023/4/1,69.778
Denmark,2023/5/1,35.653
Denmark,2023/6/1,18.718
Denmark,2023/7/1,18.488
Denmark,2023/8/1,23.829
Denmark,2023/9/1,25.14
Denmark,2023/10/1,44.018
Denmark,2023/11/1,108.198
Denmark,2023/12/1,123.118
Denmark,2024/1/1,198.393
Denmark,2024/2/1,111.586
Denmark,2024/3/1,94.762
Denmark,2024/4/1,56.055
Denmark,2024/5/1,25.679
Denmark,2024/6/1,31.472
Denmark,2024/7/1,20.103
Denmark,2024/8/1,18.414
Denmark,2024/9/1,23.729
Denmark,2024/10/1,60.58
Denmark,2024/11/1,120.454
Denmark,2024/12/1,116.692
Denmark,2025/1/1,147.35
Denmark,2025/2/1,148.336
Denmark,2025/3/1,84.696
Denmark,2025/4/1,44.53
Denmark,2025/5/1,15.65
Denmark,2025/6/1,16.843
Denmark,2025/7/1,23.187
Denmark,2025/8/1,24.059
Denmark,2025/9/1,19.625
Denmark,2025/10/1,42.315
Denmark,2025/11/1,108.838
Romania,2017/1/1,1153
Romania,2017/2/1,988
Romania,2017/3/1,859
Romania,2017/4/1,556
Romania,2017/5/1,329
Romania,2017/6/1,316
Romania,2017/7/1,569
Romania,2017/8/1,622
Romania,2017/9/1,515
Romania,2017/10/1,615
Romania,2017/11/1,984
Romania,2017/12/1,1045
Romania,2018/1/1,1022
Romania,2018/2/1,966
Romania,2018/3/1,730
Romania,2018/4/1,248
Romania,2018/5/1,398
Romania,2018/6/1,561
Romania,2018/7/1,433
Romania,2018/8/1,674
Romania,2018/9/1,622
Romania,2018/10/1,872
Romania,2018/11/1,1018
Romania,2018/12/1,1163
Romania,2019/1/1,1112
Romania,2019/2/1,957
Romania,2019/3/1,669
Romania,2019/4/1,319
Romania,2019/5/1,249
Romania,2019/6/1,208
Romania,2019/7/1,525
Romania,2019/8/1,506
Romania,2019/9/1,517
Romania,2019/10/1,789
Romania,2019/11/1,830
Romania,2019/12/1,903
Romania,2020/1/1,1173
Romania,2020/2/1,924
Romania,2020/3/1,571
Romania,2020/4/1,335
Romania,2020/5/1,215
Romania,2020/6/1,452
Romania,2020/7/1,695
Romania,2020/8/1,673
Romania,2020/9/1,673
Romania,2020/10/1,437
Romania,2020/11/1,909
Romania,2020/12/1,996
Romania,2021/1/1,969
Romania,2021/2/1,802
Romania,2021/3/1,857
Romania,2021/4/1,462
Romania,2021/5/1,407
Romania,2021/6/1,541
Romania,2021/7/1,691
Romania,2021/8/1,667
Romania,2021/9/1,633
Romania,2021/10/1,727
Romania,2021/11/1,927
Romania,2021/12/1,1026
Romania,2022/1/1,1035
Romania,2022/2/1,961
Romania,2022/3/1,523
Romania,2022/4/1,362
Romania,2022/5/1,681
Romania,2022/6/1,676
Romania,2022/7/1,710
Romania,2022/8/1,707
Romania,2022/9/1,674
Romania,2022/10/1,710
Romania,2022/11/1,849
Romania,2022/12/1,852
Romania,2023/1/1,1045
Romania,2023/2/1,952
Romania,2023/3/1,488
Romania,2023/4/1,293
Romania,2023/5/1,256
Romania,2023/6/1,169
Romania,2023/7/1,582
Romania,2023/8/1,629
Romania,2023/9/1,653
Romania,2023/10/1,761
Romania,2023/11/1,902
Romania,2023/12/1,1102
Romania,2024/1/1,1125
Romania,2024/2/1,931
Romania,2024/3/1,890
Romania,2024/4/1,196
Romania,2024/5/1,185
Romania,2024/6/1,546
Romania,2024/7/1,690
Romania,2024/8/1,685
Romania,2024/9/1,600
Romania,2024/10/1,650
Romania,2024/11/1,856
Romania,2024/12/1,946
Romania,2025/1/1,1034
Romania,2025/2/1,842
Romania,2025/3/1,674
Romania,2025/4/1,179
Romania,2025/5/1,380
Romania,2025/6/1,440
Romania,2025/7/1,584
Romania,2025/8/1,608
Romania,2025/9/1,558
Romania,2025/10/1,879
Romania,2025/11/1,902
